{"cameraMode":{"drawMode":0,"name":"Shaded","section":"Shading Mode"},"sceneLighting":true,"audioPlay":false,"sceneViewState":{"showFog":true,"showMaterialUpdate":false,"showSkybox":true,"showFlares":true,"showImageEffects":true,"showParticleSystems":true},"in2DMode":false,"pivot":{"x":-2.7506184577941896,"y":-0.36839836835861208,"z":-2.250638246536255},"rotation":{"x":-0.10609624534845352,"y":0.8914622068405151,"z":-0.27459949254989626,"w":-0.34443265199661257},"size":11.535955429077149,"orthographic":false}